,name,number_of_employees,sector,headquarters,company_website,linkedin,facebook,twitter,instagram
0,Tradedoubler,24,Advertising & Marketing,Madrid,https://www.tradedoubler.com/es/,https://www.linkedin.com/company/tradedoubleresp/ ,,https://twitter.com/tradedoubler_es ,https://www.instagram.com/tradedoubler_worldwide/
1,Papa Johns,1471,Retail y consumo,Madrid,https://www.papajohns.es/,https://www.linkedin.com/company/papa-johns-espa%C3%B1a/,https://www.facebook.com/papajohnsespana,https://www.twitter.com/PapaJohns_ES,https://www.instagram.com/papajohns_es
2,Real-Time Innovations,263,Industria del Software y Servicios Informáticos – IoT (Internet of Things),Granada,https://www.rti.com/en/,https://www.linkedin.com/company/rti/,https://www.facebook.com/RTISoftware/,,https://www.instagram.com/rti_software/
3,Software DELSOL,195,Empresa Desarrolladora de Software de Gestión,Jaén,https://www.sdelsol.com/,https://es.linkedin.com/company/software-del-sol-s-a-,https://www.facebook.com/SoftwareDELSOL,https://twitter.com/softwaredelsol,
4,Grupo DKV Seguros,763,Seguros,Zaragoza,https://dkv.es/corporativo/,https://es.linkedin.com/company/dkv-salud-bienestar ,https://es-es.facebook.com/dkvseguros/,,https://www.instagram.com/dkvseguros/?hl=es
5,Incentro,71,Tecnologías de la Información,Santander y Madrid,https://www.incentro.com/es-es,https://www.linkedin.com/company/incentro,,https://twitter.com/IncentroES,https://www.instagram.com/incentroes
6,Sungrow Ibérica,52,"Energía, Medio Ambiente y Materias Primas",Navarra,https://spa.sungrowpower.com/,https://www.linkedin.com/company/sungroweurope/,,,
7,Eraneos Iberia,56,Consultoría,Madrid,http://eraneos.com/es/es,https://www.linkedin.com/company/eraneos-iberia/,,,https://www.instagram.com/eraneosiberia/?igshid=YmMyMTA2M2Y%3D
8,Green Eagle Solutions,34,Energía Renovable,Madrid,https://greeneaglesolutions.com/,https://www.linkedin.com/company/green-eagle-solutions/mycompany/,,,
9,STIHL,96,Distribución Mayorista,Madrid,http://www.stihl.es,https://www.linkedin.com/company/stihl-es,https://www.facebook.com/StihlEspana/,,http://www.instagram.com/stihl_es/?hl=es
10,Geiserpharma,33,Industria Farmacéutica,Navarra,https://geiserpharma.com,https://www.linkedin.com/company/geiserpharma/,,,
11,BERBĒS,21,Comunicación y Relaciones Públicas,Madrid,https://berbes.com/,https://www.linkedin.com/company/berb-s/,https://www.facebook.com/BERBEScom/,http://www.twitter.com/berbescom,http://instagram.com/berbescom
12,Theramex Healthcare Spain,71,Industria Farmacéutica,Madrid,https://www.theramex.com/es/, https://www.linkedin.com/company/theramex-spain/mycompany/,https://es-la.facebook.com/theramexspain/ , https://twitter.com/Theramex_Spain, https://www.instagram.com/theramex_spain/
13,Biofarmacéutica UCB,140,Biotecnología y Farmacéutico,Madrid,https://www.ucb-iberia.com/,https://www.linkedin.com/company/ucb-iberia/,,https://twitter.com/ucb_iberia?ref_src=twsrc%5Egoogle%7Ctwcamp%5Eserp%7Ctwgr%5Eauthor,
14,Fersa Group,180,Automoción e Industrial,Zaragoza,http://www.fersa.com,https://es.linkedin.com/company/fersabearings,https://www.facebook.com/fersa.aftermarket,https://twitter.com/FersaBearingsES,https://www.instagram.com/fersa_bearings
15,Smart,22,Tecnología,Alicante,https://www.smart.co,https://linkedin.com/company/smart-pension,,https://twitter.com/smartpensionuk,
16,Mobilize Financial Services,195,"Banca, Finanzas y Seguros",Madrid,https://mobilize-fs.es/,https://www.linkedin.com/company/rci-bank-and-services-espana/,https://m.facebook.com/mobilizefsespana/,,https://www.instagram.com/rcibankandservices_es/
17,Heppner Spain,35,Transporte Internacional,Barcelona,https://www.heppner-group.com/es/,https://www.linkedin.com/company/heppner/?originalSubdomain=fr,,,
18,Equinix,270,Tecnología,"Madrid, Barcelona y Sevilla",https://www.equinix.es/,https://www.linkedin.com/company/equinix/,https://www.facebook.com/Equinix/,https://twitter.com/Equinix,
19,Sofinco España,230,"Servicios financieros (Banca, Finanzas y Seguros)",Madrid,https://www.sofinco.es/ ,https://www.linkedin.com/company/sofinco-espana/ ,https://www.facebook.com/Sofinco.es ,https://twitter.com/Sofinco_Es ,https://www.instagram.com/sofinco_es/ 
20,LLYC,429,Publicidad y marketing,Madrid,https://www.llorenteycuenca.com/,https://www.linkedin.com/company/llyc,https://www.facebook.com/llorenteycuenca,https://twitter.com/LlorenteyCuenca,https://www.instagram.com/llorenteycuenca/
21,Version 1,109,Consultoría de IT,Málaga,https://www.version1.com/,https://www.linkedin.com/company/version-1/,https://www.facebook.com/Version1Group/,https://twitter.com/version1,https://www.instagram.com/version1group/
22,Banca March,1383,Banca,"Palma de Mallorca y Madrid. Oficinas en Baleares, Canarias, Madrid, Comunidad Valenciana, País Vasco, Cataluña, Aragón, Andalucía y Luxemburgo",https://www.bancamarch.es/es/ ,https://www.linkedin.com/company/banca-march/ ,,https://twitter.com/bancamarch ,https://www.instagram.com/bancamarch/ 
23,Clínicas Cleardent,250,Odontología,Jaén,https://www.cleardent.es/,https://www.linkedin.com/company/clinicas-cleardent/,https://www.facebook.com/ClinicaClearDent,,https://www.instagram.com/clinicascleardent/
24,Siemens Healthineers,616,Cuidado de la salud,Madrid,https://www.siemens-healthineers.com/es,https://www.linkedin.com/company/siemens-healthineers/mycompany/,,https://twitter.com/siemenshealthes,
25,Caja Rural de Asturias,448,Banca,Asturias,https://www.cajaruraldeasturias.com/es,https://www.linkedin.com/company/crasturias/,https://www.facebook.com/CRASTURIAS/,https://twitter.com/CRASTURIAS?ref_src=twsrc%5Egoogle%7Ctwcamp%5Eserp%7Ctwgr%5Eauthor,https://www.instagram.com/cajaruraldeasturias/
26,Uponor,88,Infraestructura y distribución de agua,"Madrid, Barcelona, Bilbao y Málaga.",https://www.uponor.com/es-es,https://www.linkedin.com/company/uponor/,,https://twitter.com/uponor_es,
27,Adamo Telecom Iberia,279,Tecnologías de la Info. y de la Comunicación (TIC),Barcelona,https://adamo.es/es,https://www.linkedin.com/company/adamo-telecom-iberia-s.a/,https://www.facebook.com/adamo.es/,https://twitter.com/adamo_es,https://www.instagram.com/adamo_es/
28,Zoocha,12,Tecnologías de la Info. y de la Comunicación (TIC),Valencia,http://ZOOCHA.COM,https://www.linkedin.com/company/zoocha-ltd/?originalSubdomain=es,,https://twitter.com/Zoocha,
29,Igeneris,37,Consultoría de Innovación y Venture Building,Madrid,https://www.igeneris.com/?lng=es-ES#,https://www.linkedin.com/company/igeneris/,,,
30,Pelayo,1037,Seguros,"Sede central en Madrid y delegaciones en diferentes capitales de provincia: Valencia, Málaga, Valladolid…",https://www.pelayo.com/teloaseguro/,https://www.linkedin.com/company/pelayo/,https://m.facebook.com/pelayosegurosoficial/,https://twitter.com/Pelayo_Seguros,https://www.instagram.com/pelayo_seguros/
31,Cigna Healthcare,2.054,"Banca, finanzas y seguros",Madrid,https://www.cignasalud.es/,,,,
32,Campari Group-España,60,Distribución mayorista de bebidas espirituosas,Barcelona,http://www.camparigroup.com,https://www.linkedin.com/company/campari-group/,https://www.facebook.com/CampariGroup,https://www.twitter.com/gruppocampari,https://www.instagram.com/camparigroup
33,DQS/,100,"Servicios Profesionales / Consultoría, Investigación y Marketing",Barcelona,https://www.dqsconsulting.com/,https://www.linkedin.com/company/dqsconsulting/mycompany/,,,
34,Air Liquide Healthcare,931,Salud,Madrid,https://es.healthcare.airliquide.com/,https://www.linkedin.com/company/airliquide/,,https://twitter.com/airliquidegroup,
35,Fabletics,48,Retail,Barcelona,https://www.fabletics.es,https://www.linkedin.com/company/fabletics/,,,https://www.instagram.com/fableticseu/?hl=es
36,JF Brands,23,Retail,Barcelona,https://www.justfab.es,https://www.linkedin.com/company/justfab/,,,https://www.instagram.com/justfabeu/?hl=en
37,Ucademy,37,Educación y Formación,,https://ucademy.com/,https://www.linkedin.com/company/ucademy-com/,,,https://instagram.com/ucademy_?igshid=YmMyMTA2M2Y=
38,Volvo Financial Services,48,"Banca, Finanzas y Seguros",Madrid,https://www.vfsco.com/es/,http://www.linkedin.com/company/volvo-financial-services,,,
39,Coface,215,"Seguros de crédito, información comercial y gestión de recobro",España,https://www.coface.es/,https://www.linkedin.com/company/coface/,https://www.facebook.com/cofaceiberica,https://twitter.com/CofaceES,
40,Intas B2B,38,Farmacéutico y Biotecnológico,Barcelona,http://intasb2b.com,https://www.linkedin.com/showcase/intas-b2b,,,
41,CIRCE – Centro Tecnológico,289,Energías renovables e innovación,Zaragoza,https://www.fcirce.es/,https://www.linkedin.com/company/circe-centro-tecnologico/mycompany/,https://www.facebook.com/fcirce/,https://twitter.com/fcirce,
42,Logiscenter,47,"Transporte, Almacenamiento y Logística",Madrid,http://www.logiscenter.com,https://www.linkedin.com/company/logiscenter/,,,
43,Coats,99,Textil,Barcelona,https://coats.com/es/,https://www.linkedin.com/company/coats/,https://www.facebook.com/coats,https://twitter.com/CoatsGroup,https://www.instagram.com/coats_group/
44,Talan,99,Consultoría de innovación y transformación digital.,Madrid y Málaga,https://talan.com/,https://www.linkedin.com/company/talan/,,,
45,Matrix Renewables,66,"Energía, Medio Ambiente y Materias Primas",Madrid,http://WWW.MATRIXRENEWABLES.COM,https://www.linkedin.com/company/matrixrenewables/,,https://twitter.com/MatrixRenewable,
46,Kiabi España,1230,Moda/Retail,Madrid,http://www.kiabi.es,https://www.linkedin.com/company/kiabi/,https://es-es.facebook.com/Kiabi.espana/,https://twitter.com/KiabiES?ref_src=twsrc%5Egoogle%7Ctwcamp%5Eserp%7Ctwgr%5Eauthor,https://www.instagram.com/kiabies/?hl=es
47,LAVER,23,"Asesoría y gestión fiscal, contable, laboral y jurídica",Barcelona,http://www.laverconsultores.com,https://www.linkedin.com/company/laver-consultores,,,
48,BASE Life Science,34,Servicios profesionales,Barcelona,https://www.baselifescience.com/,,http://www.facebook.com/BASElifescience,,
49,Alnylam Pharmaceuticals Spain,27,Farmacéutico,Madrid,https://www.alnylam.com/alnylam-espana/,https://www.linkedin.com/company/alnylam-pharmaceuticals/,https://www.facebook.com/pages/Alnylam-Pharmaceuticals/116396455088949,,https://www.instagram.com/alnylampharma/
50,Grupo Vitaldent,3500 colaboradores + 2000 odontólogos colaboradores,Sanitario,Madrid,https://www.vitaldent.com/es/,https://www.linkedin.com/company/grupovitaldent/?viewAsMember=true,https://www.facebook.com/VitaldentEspana ,https://mobile.twitter.com/Vitaldent_es ,https://www.instagram.com/vitaldent_es/?hl=en
51,Laboratorios Théa,92,Farmacéutico,Barcelona,https://www.laboratoriosthea.com/,https://es.linkedin.com/company/thea-pharma-spain,,,
52,Sapio Life,43,Cuidado de la salud,Madrid,http://www.sapiolife.es,https://www.linkedin.com/company/sapiolifeespana/,,https://twitter.com/sapiolifeespana,
53,Logicalis Spain,Más de 800,Tecnologías de la Info. y de la Comunicación (TIC),Barcelona,https://www.es.logicalis.com/ ,https://www.linkedin.com/company/logicalis-spain/?trk=nav_account_sub_nav_company_admin,https://www.facebook.com/logicalisSP,https://twitter.com/LogicalisES,
54,Grunenthal,199,Farmacéutico,Madrid,http://www.grunenthal.es,https://hn.linkedin.com/company/grunenthal-esp,,,
55,Hotelatelier,520,Hostelería y turismo,Madrid,https://www.petitpalace.com/es/,https://www.linkedin.com/company/petit-palace/,https://www.facebook.com/Icon-Hotels-172147710127257/,,https://www.instagram.com/iconhotels/
56,JYSK,1191,Retail,Valencia,https://jysk.es/,https://www.linkedin.com/company/jysk/,https://www.facebook.com/JYSK.Espana,,https://www.instagram.com/jysk_espana/
57,Insight,140,Tecnologías de la Información y de la Comunicación,Madrid,https://es.insight.com/,https://www.linkedin.com/posts/insight_windows-11-ya-est%C3%A1-aqu%C3%AD-insight-es-activity-6843857758270328832-s_ru/,https://www.facebook.com/InsightEnterprisesInc,https://twitter.com/InsightIberia,https://www.instagram.com/insight_culture/
58,Novo Nordisk Pharma,314,Biotecnología y Farmacéutico,Madrid,http://WWW.NOVONORDISK.COM,https://www.linkedin.com/company/novo-nordisk/,https://es-la.facebook.com/novonordisk/,https://twitter.com/novonordisk,https://www.instagram.com/novonordisk/?hl=es-la
59,Idilia Foods,330,Gran Consumo,Barcelona,https://idilia.es/,https://es.linkedin.com/company/idilia-foods,,,
60,Truck&Wheel Automotive,13,Automoción,Pamplona,https://tw-group.com/,https://www.linkedin.com/company/truck-and-wheel-twgroup,,,
61,Sipadan,38,"Consultoría de RRHH, Suministro de Software, Desarrollos Digitales y Formación",Málaga,http://www.sipadan.es,  https://www.linkedin.com/company/sipadan-consultoria, https://www.facebook.com/sipadanconsultoria,https://twitter.com/sipadanrrhh,https://www.instagram.com/sipadanconsultoria/
62,Grupo Cooperativo Cajamar,5.500,Financiero,Almería,https://www.grupocooperativocajamar.es/es/comun/,https://www.linkedin.com/company/grupocajamar/,https://www.facebook.com/cajamar,https://twitter.com/Cajamar,https://www.instagram.com/grupo_cajamar/
63,Cívica,140,Tecnologías de la Información (TIC) | Consultoría Tecnológica,Granada,http://www.civica-soft.com,https://www.linkedin.com/company/civica-soft,,,
64,Ocean Winds,127,Energías renovables,Madrid,https://www.oceanwinds.com/,https://www.linkedin.com/company/ow-ocean-winds/,,,
65,UST,951,Servicios y consultoría IT,"Madrid, Barcelona, Bilbao, Salamanca, Valencia y Zaragoza",https://www.ust.com/es,https://es.linkedin.com/company/ustespana,,https://twitter.com/USTspain,
66,QualitaHUB,105,Servicios y consultoría IT,Barcelona,http://www.qualitahub.com,https://www.linkedin.com/company/qualitahub/,https://www.facebook.com/QualitaHUB,https://twitter.com/QualitaHUB,https://www.instagram.com/qualitahub/
67,Odigo,180,Software,Madrid,https://www.prosodie.es/,https://www.linkedin.com/company/odigo/,,https://twitter.com/OdigoEs,https://www.instagram.com/odigo_tm/
68,Warner Music Spain,83,Música,Madrid,http://warnermusic.es,https://www.linkedin.com/company/warner-music-spain,https://es-es.facebook.com/warnermusicspain/,https://twitter.com/warnermusices,https://www.instagram.com/warnermusicspain/?hl=es
69,TDCX,160,Telephone Support/Sales Centers,Barcelona,https://www.tdcx.com/,,,,
70,The Kraft Heinz Company,350,Alimentación,"Oficinas comerciales en Madrid y Fábrica en Alfaro, La Rioja",https://www.kraftheinzcompany.com/,https://www.linkedin.com/company/the-kraft-heinz-company/,https://www.facebook.com/kraftheinzcompany,https://twitter.com/kraftheinzco?lang=en,https://www.instagram.com/kraftheinzus/
71,Bacardi,342,Consumo,Barcelona,http://www.bacardilimited.com,https://www.linkedin.com/company/bacardi/,,https://twitter.com/BacardiLimited,https://www.instagram.com/bacardi
72,AIMPLAS,220,I+D+i,Valencia,https://www.aimplas.es/,https://es.linkedin.com/company/aimplas,https://www.facebook.com/aimplas,https://twitter.com/AIMPLAS,https://www.instagram.com/aimplas_research/
73,Devesa & Calvo Abogados,19,"Banca, Finanzas y Seguros",Alicante,http://devesaycalvo,https://www.linkedin.com/company/devesa-&-calvo-abogados/,https://www.facebook.com/devesaycalvo,https://twitter.com/devesaycalvo,
74,Trek Bicycle South West Europe,104,Comercio al por mayor de bicicletas,Madrid,http://www.trekbikes.com,https://www.linkedin.com/company/trekbikes/,https://www.facebook.com/TrekBicycleEspana/,https://twitter.com/TrekBikesSpain,https://www.instagram.com/trekbikesspain/
75,Ipsen España,123,Biotecnología y farmacéutica,Barcelona,https://www.ipsen.com/spain/,,,,
76,COSMO,21,Televisión,Madrid,https://www.canalcosmo.es/,https://www.linkedin.com/company/canalcosmo/,https://www.facebook.com/CanalCOSMOspain/,https://twitter.com/CanalCOSMO,https://www.instagram.com/canalcosmo/
77,Volkswagen Financial Services,476,"Banca, Finanzas y Seguros",Madrid y Barcelona,http://www.vwfs.es,https://www.linkedin.com/company/volkswagen-financial-services-spain/?viewAsMember=true,,,
78,Selier Abogados,29,Servicios jurídicos,Madrid,https://selierabogados.com/,https://www.linkedin.com/company/15821661,https://www.facebook.com/selierabogados/,https://twitter.com/selierAbogados,https://www.instagram.com/selier_abogados/
79,Atisa,200,Outsourcing y consultoría,Madrid,https://atisa.es/ ,https://www.linkedin.com/company/grupo-atisa/ ,https://www.facebook.com/Atisa-171277706230905/ ,https://twitter.com/GrupoAtisa ,https://www.instagram.com/weareatisa/ 
80,Fracttal,10,Tecnologías de la Información y de la Comunicación (TIC),Madrid,https://www.fracttal.com/es/,https://www.linkedin.com/company/fracttal/mycompany/,https://es-la.facebook.com/fracttal/,https://twitter.com/FracttalApp,https://www.instagram.com/fracttal/
81,Interactius,34,Diseño estratégico y UX,Barcelona,http://www.interactius.com,https://www.linkedin.com/company/interactius/,,https://twitter.com/Interactius_UX,https://www.instagram.com/interactius_ux/
82,HMS Industrial Networks,69,Electrónica,Barcelona,https://www.intesis.com/, https://www.linkedin.com/company/intesis/,,,
83,Big Mamma,160,Hostelería,Madrid,https://www.bigmammagroup.com/fr,https://www.linkedin.com/company/big-mamma/,,,https://www.instagram.com/bigmammagroup/
84,Fortris,95,Tecnologías de la Información y Desarrollo de Software,Málaga,https://fortris.com/,https://www.linkedin.com/company/fortrishq/mycompany/,,https://twitter.com/FortrisHQ?ref_src=twsrc%5Egoogle%7Ctwcamp%5Eserp%7Ctwgr%5Eauthor,
85,Ecolab,629,Manufactura y producción,Barcelona,https://es-es.ecolab.com/,https://www.linkedin.com/company/ecolab/,https://www.facebook.com/ecolab,https://twitter.com/Ecolab,https://www.instagram.com/ecolab_inc/
86,Athento Europa,17,Fabricantes de Software,Málaga,http://athento.com/,https://www.linkedin.com/company/athento/,https://www.facebook.com/AthentoECM/,https://twitter.com/athento?lang=en,
87,SLEEP’N Atocha,23,Hotelería,Madrid,http://www.sleepnatocha.com,,,,
88,Zoetis,153,Biotecnología y Farmacéutico,Madrid,https://www2.zoetis.es/,https://www.linkedin.com/company/zoetis-españa/,https://www.facebook.com/ZoetisEsp/,https://twitter.com/zoetisesp?lang=es,
89,Ferrer,1343,Biotecnología y Farmacéutico,Barcelona,http://www.ferrer.com,https://www.linkedin.com/company/ferrerforgood/,https://www.facebook.com/ferrerforgood,https://twitter.com/ferrerforgood,https://www.instagram.com/ferrerforgood/
90,Defta Group,98,Manufactura y Producción,Madrid,http://www.defta.eu,http://www.linkedin.com/in/defta-spain-24b049129,,,
91,Agilent Technologies,552,Health Care,Madrid,https://www.agilent.com/,https://www.linkedin.com/company/agilent-technologies/,https://www.facebook.com/Agilent.Tech,https://twitter.com/agilent,https://www.instagram.com/agilenttechnologies/
92,Landmar Hotels,486,Turismo y Restauración,Santa Cruz de Tenerife,https://www.landmarhotels.com/,https://www.linkedin.com/company/landmarhotels,https://www.facebook.com/HotelLandmarCostaLosGigantes,https://twitter.com/LandmarHotels,https://www.instagram.com/landmarplayalaarena/
93,Mantequerías Arias – Grupo Savencia,371,Manufactura y Producción,Madrid,http://www.arias.es,https://www.linkedin.com/company/mantequerias-arias/?lipi=urn%3Ali%3Apage%3Ad_flagship3_search_srp_all%3BfpXvJts5Rn6kZ2AGZK1v9Q%3D%3D,https://www.facebook.com/BurgoDeArias/,,https://instagram.com/burgodearias_oficial?igshid=YmMyMTA2M2Y=
94,Kurago,67,Tecnologías de la Info. y de la Comunicación (TIC),Bilbao,https://www.kurago.software/es/,https://www.linkedin.com/company/kurago-software/mycompany/,,,https://www.instagram.com/accounts/login/?next=/kurago.software/
95,Cabot Financial,316,"Bancos, finanzas y seguros",Madrid,https://cabotfinancial.es/,https://www.linkedin.com/company/cabotfinancialspain/,,,
96,Grupo RETAbet,480,"Servicios Recreativos, Culturales y Ocio",Sede central en Bizkaia. Presencia en toda España y Perú.,http://www.retabet.es,https://es.linkedin.com/company/retabet,https://www.facebook.com/RETAbet,https://twitter.com/RETAbet?lang=es,https://www.instagram.com/retabet/
97,Chemours Spain,146,Chemical Manufacturing,Gijón,https://www.chemours.com/es,https://www.linkedin.com/company/chemours/,,https://twitter.com/chemours,
98,Acción contra el Hambre,376,Organizaciones sin ánimo de lucro,Madrid,http://www.accioncontraelhambre.org,https://www.linkedin.com/company/accion-contra-el-hambre?_ga=2.156264891.1641145853.1657730327-2038217403.1650460232,https://www.facebook.com/accioncontraelhambre.espana?_ga=2.157458874.1641145853.1657730327-2038217403.1650460232,https://twitter.com/Acontraelhambre/?_ga=2.157458874.1641145853.1657730327-2038217403.1650460232,https://instagram.com/accioncontraelhambre.espana/?_ga=2.157458874.1641145853.1657730327-2038217403.1650460232
99,Plytix,63,Desarrollo de Software,Málaga,https://www.plytix.com/,https://www.linkedin.com/company/plytix/mycompany/,https://www.facebook.com/plytix/,https://twitter.com/Plytix?ref_src=twsrc%5Egoogle%7Ctwcamp%5Eserp%7Ctwgr%5Eauthor,https://www.instagram.com/accounts/login/?next=/plytix/
100,Laboratorios Expanscience,40,Cuidado de la salud,Madrid,https://www.expanscience.com/en,,https://www.facebook.com/MustelaES,https://twitter.com/MustelaEsp,https://www.instagram.com/mustelaesp/?hl=es
101,Emerald Stay,13,Hospitality,Barcelona,https://emeraldstay.com/,https://www.linkedin.com/company/emeraldstay/,https://www.facebook.com/emeraldstay/,https://twitter.com/emerald_stay,https://www.instagram.com/emeraldstay/
102,Thoughtworks,460,Tecnologías de la información,Barcelona y Madrid,https://www.thoughtworks.com/es-es/,https://www.linkedin.com/company/thoughtworks/,,https://twitter.com/ThoughtworksESP,http://www.instagram.com/thoughtworks_spain
103,Openbravo,110,Tecnologías de la Info. y de la Comunicación (TIC),Pamplona,https://www.openbravo.com/es,https://www.linkedin.com/company/openbravo/,https://www.facebook.com/OpenbravoSLU,https://twitter.com/Openbravo,https://www.instagram.com/openbravo_official/?hl=en
104,"GFT IT Consulting, S.L.U.",2.000,Tecnologías de la Información (TI),"Alicante, Lleida, Madrid, Sant Cugat (Barcelona), Valencia, Zaragoza y trabajo en remoto.",http://www.gft.com/es,http://www.linkedin.com/company/gft-group,https://www.facebook.com/GFT.es  ,http://www.twitter.com/gft_es,https://www.instagram.com/gft_tech 
105,L’Occitane,189,Retail,Madrid,https://es-es.ecolab.com/,https://www.linkedin.com/company/ecolab/,https://www.facebook.com/ecolab,https://twitter.com/Ecolab,https://www.instagram.com/ecolab_inc/
106,UCI,538,"Banca, Finanzas y Seguros",Madrid,http://www.uci.com,https://www.linkedin.com/company/5393964/admin/,,https://twitter.com/ucihipotecas,https://www.instagram.com/ucihipotecas/
107,Ansys,45,Tecnologías de la información,Madrid,https://www.ansys.com/,https://www.linkedin.com/company/ansys-inc/,https://www.facebook.com/Ansys/,https://twitter.com/ansys,https://instagram.com/ansys_inc
108,Brown Forman España,51,Bebidas espirituosas,Barcelona,https://www.brown-forman.com/,https://www.linkedin.com/company/brown-forman/,https://www.facebook.com/Brown-Forman-Corporation-135533916496523,https://twitter.com/brownforman,https://www.instagram.com/brownforman/
109,DHL EXPRESS,2.140,Logística,Madrid,https://www.dhl.es,https://www.linkedin.com/company/dhl-express-espana,https://www.facebook.com/DHLexpress,https://twitter.com/dhlexpress,https://www.instagram.com/dhlexpress/
110,Freepik Company,464,Tecnología y Diseño,Málaga,https://www.freepikcompany.com/,https://www.linkedin.com/company/freepik-company/mycompany/verification/?viewAsMember=true,,https://twitter.com/FreepikCompany,https://www.instagram.com/freepik/?hl=es
111,Full On Net,158,Consultoría Tecnológica,Madrid,https://full-on-net.com/we-are-full/,https://www.linkedin.com/company/fullonnet/,https://www.facebook.com/FullOnNet/,https://twitter.com/FullOnNet/,
112,Stoller Europe,56,Agricultura,Elche,https://stollereurope.com/,https://www.linkedin.com/company/stoller-europe/mycompany/,https://www.facebook.com/search/top?q=stoller%20europe,,https://www.instagram.com/stollereurope/
113,Marca Protección Laboral,51,Vestuario de protección laboral y Epis,Cartagena,https://www.marcapl.com/marca/esp/index.php,https://www.linkedin.com/company/marca-protecci%C3%B3n-laboral/,https://www.facebook.com/Marca-Protecci%C3%B3n-Laboral-201090426620364/,https://twitter.com/Marca_PL,https://www.instagram.com/marcaproteccionlaboral/
114,Juba,60,Proteccion Laboral,La Rioja,https://www.jubappe.com,https://www.linkedin.com/company/juba-personal-protective-equipment-s-l-/,https://www.facebook.com/profile.php?id=100001348405648,,https://www.instagram.com/jubaprotection/
115,Faru,16,Distribución Mayorista,Zaragoza,http://www.faru.es,https://www.linkedin.com/company/faru-proteccion/,,,
116,Azigrene Consultores,50,Energía,Valencia,https://azigrene.es/,https://www.linkedin.com/company/azigrene-consultores/mycompany/,,,
117,Caperva,16,Venta de Maquinaría para industria de proceso,Barcelona y Madrid,http://www.caperva.com,https://www.linkedin.com/company/1425771/admin/,,,
118,Publicis Groupe,712,Publicidad,Madrid,https://www.publicisgroupe.com/en/splash-en,https://www.linkedin.com/company/publicisgroupespain/,https://www.facebook.com/publicisgroupe,https://twitter.com/publicisgroupe,https://www.instagram.com/publicisgroupe
119,Refresco Iberia,739,Productos alimenticios,Valencia,http://www.refresco.es,https://www.linkedin.com/company/refresco,,,
120,Castellana Properties,33,Servicios Profesionales/Gestión Inmobiliaria,Madrid,https://www.castellanaproperties.es/es,,,,
121,Grupo Espiral MS,67,Tecnologías de la Info. y de la Comunicación (TIC),Gijón,https://www.grupoespiralms.com/,https://es.linkedin.com/company/prosafety,,,https://www.instagram.com/grupoespiralms/
122,Enverus,1.525,Tecnología de la información,"Austin, TX, USA",https://www.enverus.com,https://www.linkedin.com/company/enverus-energy,https://www.facebook.com/EnverusEnergy/,https://twitter.com/EnverusEnergy,https://www.instagram.com/enverusenergy/
123,Biogran S.L.,161,Alimentación,Madrid,https://biogran.es/,https://www.linkedin.com/company/biogran/mycompany/,,,https://www.instagram.com/ecocesta/?hl=es
124,Isagri SL,42,Informática – Consultoría – Agricultura,Valencia,http://www.isagri.es,https://www.linkedin.com/company/isagri-espana/,https://es-es.facebook.com/IsagriEspana/,,https://www.instagram.com/isagriespana
125,Hijos de Rivera SAU,829,Alimentación y Bebidas,A Coruña,http://corporacionhijosderivera.com,https://www.linkedin.com/company/hijosderivera/,,,
126,Livit,31,"Estudio, arquitectura y diseño",Madrid,https://livit.design/,https://www.linkedin.com/company/livit-design,,,https://www.instagram.com/livit.design/?hl=es
127,Allianz Technology,160,Consultoría de IT,Barcelona,https://tech.allianz.com/en.html,https://www.linkedin.com/company/allianz-technology/,https://www.facebook.com/Allianz España,https://www.twitter.com/allianz_es,https://www.instagram.com/Allianz España
128,DHL Global Forwarding,265,"Transporte, Almacenamiento y Logística",Madrid,https://www.dhl.com/global-en/home/our-divisions/global-forwarding.html,https://www.linkedin.com/company/dhl-global-forwarding/mycompany/,,,
129,Teleperformance,4500,Servicios Profesionales / Outsourcing,Madrid,https://www.teleperformance.com/es-es/,https://www.linkedin.com/company/teleperformance/,https://www.facebook.com/TeleperformanceSpain/,,https://www.instagram.com/teleperformance_spain/
130,Vexiza,31,Desarrollo de soluciones de software,León,https://vexiza.com,https://www.linkedin.com/company/vexiza/,,https://twitter.com/vexiza,
131,reclamador.es,63,Servicios Profesionales/Abogacía,Madrid,https://www.reclamador.es/,https://www.linkedin.com/company/reclamador-es/,https://www.facebook.com/reclamador.es,https://twitter.com/reclamador,https://www.instagram.com/reclamador.es/
132,Medtronic,807,Biotecnología,Madrid, https://www.medtronic.com/es-es/index.html , https://www.linkedin.com/company/medtronic-emea/ ,, https://twitter.com/MedtronicES ,
133,Kia Iberia,97,Automoción,Madrid,http://www.kia.es,https://www.linkedin.com/company/kia-espana/,https://www.facebook.com/KiaEspana/,https://twitter.com/KiaEspana,https://www.instagram.com/accounts/login/?next=/kiaspain/
134,DHL Supply Chain España,3320,Logística,"Más de 40 centros en España (País Vasco, Madrid, Guadalajara, Toledo, Tarragona, Barcelona, Valencia, Sevilla, Málaga, Tenerife, Huelva)",https://www.dhl.com/es-es/home/supply-chain/about-us.html,https://www.linkedin.com/company/dhl-supply-chain/,,https://twitter.com/DHLsupplychain,https://www.instagram.com/dhl_global/
135,Alvatross by SATEC,20,Tecnologías de la Info. y de la Comunicación (TIC),Avilés (Asturias),https://www.alvatross.io/,https://www.linkedin.com/company/alvatross/,,,
136,Beam Suntory,726,Bebidas espirituosas,Madrid,https://www.beamsuntory.com/,https://www.linkedin.com/company/beamsuntory/,https://www.facebook.com/BeamSuntory,https://twitter.com/beamsuntory,https://www.instagram.com/beamsuntory/
137,Soluciones Cuatroochenta,250,Tecnología,"Castelló (sede central), Barcelona, Burgos, Madrid, València, Bogotá, Panamá, Santo Domingo y San José.",https://cuatroochenta.com/,https://www.linkedin.com/company/cuatroochenta-com/,https://www.facebook.com/cuatroochenta/,https://twitter.com/Cuatroochenta,https://www.instagram.com/480cuatroochenta/
138,CISCO,422,Telecomunicaciones,Madrid,https://www.cisco.com/c/es_es/index.html,https://www.linkedin.com/company/cisco/mycompany/verification/,https://www.facebook.com/WeAreCisco/,https://twitter.com/Cisco,https://www.instagram.com/wearecisco/
139,"BAYLOS 5.0 LEGAL ADVISORS, S.L.",30,Legal,Madrid,https://baylos.com/,https://www.linkedin.com/company/baylos-abogados/?originalSubdomain=es,,,
140,Accuracy,45,Consultoría,Madrid y Barcelona,http://www.accuracy.com,https://www.linkedin.com/company/accuracy,,,https://www.instagram.com/accuracycareers/
141,AUSA,314,Manufactura y Producción,Barcelona,http://www.ausa.com,https://www.linkedin.com/company/ausa/,https://www.facebook.com/AUSAcenter,https://twitter.com/AUSAcenter,https://www.instagram.com/ausamachinery/
142,Ence – Energía y Celulosa,1146,Manufactura y Producción,Madrid,http://www.ence.es,https://es.linkedin.com/company/grupo-empresarial-ence,https://www.facebook.com/EnceEnergiayCelulosa,https://twitter.com/Grupo_Ence,https://www.instagram.com/enceenergiaycelulosa/ 
143,Cerdá Group,116,Distribución Mayorista,Valencia,https://www.cerdagroup.com/es/,https://www.linkedin.com/company/artesania-cerda-s.l./,,,https://www.instagram.com/cerdagroup/
144,UNIVERSITAS XXI,293,Tecnologías de la Info. y de la Comunicación (TIC),Madrid,http://www.universitasxxi.com,https://www.linkedin.com/company/universitas-xxi/,,https://twitter.com/UNIVERSITASXXI?ref_src=twsrc%5Egoogle%7Ctwcamp%5Eserp%7Ctwgr%5Eauthor,
145,Gofore,12,Transformación Digital,Madrid,https://gofore.com/,https://www.linkedin.com/company/gofore,https://www.facebook.com/GoforeGroup/ ,https://twitter.com/GoforeGroup,https://www.instagram.com/goforegroup/
146,DHL Parcel España,1552,"Transporte, Almacenamiento y Logística",San Sebastián,http://www.dhlparcel.es,https://www.linkedin.com/company/dhl-parcel-espa%C3%B1a/,https://www.facebook.com/dhlparcelespana/?hc_ref=ARTxYQTPqRtBDNKweesF4XnfhPsy7HEfNh9pKXNkjfPjr4DwvhnXwYpMxaNCH6KzQhM&fref=nf&__xts__[0]=68.ARBsvNrzme3lc5LmcXtjCUMe7Igg5ySbG3SpKsYY-NkZSKjqNzjtoq3JtH8k8biNfgjH9L7Obku99eD48Gf_jebk0FwGxcF1fFKmrQpBHAHTBk15Ux5DPEIDvSZMCY3YEh24p8mFAbbIdQqDhaBLw1IjDPjEHRcTOVRSamcN-1SzVA19yDcGKWMxtFcqFMkK0irxHrMSbUF7MyX8Bomvk-8v0EFCvs7B1CRpK7bHQt7FX6EACb6mavybLkeOZKDR4u79rkMgO80jLWHrTImDmTOhNJUUV90PZCVEkMvd21-75UZlar6spN0,, https://instagram.com/dhlparcelespana?igshid=YmMyMTA2M2Y=
147,Grupo VARMA,196,Gran Consumo,Madrid,https://www.varma.com/,https://www.linkedin.com/company/grupo-varma/mycompany/?viewAsMember=true,,,https://www.instagram.com/grupovarma/?hl=es
148,Sandoz Farmacéutica,231,Industria Farmacéutica,Madrid,https://www.sandozfarma.es/,,,,
149,Perrigo España,109,Farmacéutico,Sant Cugat del Vallés,https://www.perrigo.es/,,https://www.facebook.com/MustelaES,,https://www.instagram.com/mustelaesp/?hl=es
150,Ecoembes,142,"Energía, Medio Ambiente y Materias Primas",Madrid,https://www.ecoembes.com/es,https://www.linkedin.com/company/ecoembes/,,https://twitter.com/ecoembes_com,
151,Redarbor,410,Tecnologías de la información,Barcelona,https://redarbor.net/,https://www.linkedin.com/company/red-arbor/,,https://twitter.com/RedArbor_net,
152,Isemaren,41,Energías Renovables,Madrid,https://isemaren.com/nosotros/,https://www.linkedin.com/company/isemaren/mycompany/,,,
153,Rastreator.com,158,Tecnología,Madrid,http://www.rastreator.com,https://es.linkedin.com/company/rastreator-com,https://es-es.facebook.com/RastreatorComparadorSeguros/,https://twitter.com/Rastreator,https://www.instagram.com/rastreator_com/?hl=es
154,"TDI, Técnicas de Ingeniería",31,Gestión de Flotas,Murcia,http://www.gesinflot.com,https://www.linkedin.com/company/gesinflot,,,
155,MediaMarkt Iberia,7000,Distribución de electrónica de consumo y servicios relacionados,Barcelona,https://www.mediamarkt.es/,https://www.linkedin.com/company/media-markt-iberia/?viewAsMember=true,https://www.facebook.com/mediamarktes/,https://twitter.com/MediaMarkt_es,https://www.instagram.com/mediamarkt_es/
156,ARTIEM Hotels,31,Turismo,Asturias,https://www.artiemhotels.com/,https://www.linkedin.com/company/artiemhotels/,https://www.facebook.com/artiemhotels,https://twitter.com/artiemhotels,https://www.instagram.com/artiemhotels/
157,Stryker,350,Medical Devices,Madrid,https://www.stryker.com/index.html,https://www.linkedin.com/company/stryker/,https://www.facebook.com/strykercareers/,,https://www.instagram.com/strykercareers/?hl=en
158,Astellas Pharma,234,Farmacéutico Innovador,Madrid,http://www.astellas.com/es,https://www.linkedin.com/company/astellas-europe/,,,
159,Admiral Seguros,829,Seguros,Sevilla,http://www.admiralseguros.es,https://es.linkedin.com/company/admiralseguros,https://m.facebook.com/admiralsegurosjobs,https://twitter.com/admiral_seguros,https://www.instagram.com/admiralseguros 
160,Sopra Banking Software,5000,Tecnologías de la información,Madrid,https://www.soprabanking.com/insights/,http://www.linkedin.com/company/sopra-banking-software,,https://twitter.com/SopraBanking,https://www.instagram.com/wip_by_soprabankingsoftware/
161,SII Group Spain,793,Tecnologías de la Info. y de la Comunicación (TIC),"Barcelona. Madrid, Valencia y Palma.",https://sii-concatel.com/,https://es.linkedin.com/company/siiconcatel,https://es-es.facebook.com/SIIConcatel/,https://twitter.com/SIIConcatel?ref_src=twsrc%5Egoogle%7Ctwcamp%5Eserp%7Ctwgr%5Eauthor,https://www.instagram.com/siiconcatel/?hl=es
162,Derivco Sports Spain,70,Tecnologías de la Información,Barcelona,https://derivco.com,https://www.linkedin.cn/company/derivco-sports/jobs,https://www.facebook.com/derivcosports,https://twitter.com/derivcosports,https://www.instagram.com/derivcosports/?hl=es
163,Secure&IT,50,Ciberseguridad,Madrid y Álava,http://www.secureit.es,https://www.linkedin.com/company/secure-&-it/,https://www.facebook.com/Secure8IT,https://twitter.com/Secure_and_IT,
164,Groupe SEB Ibérica,270,Distribución Mayorista,Barcelona, https://www.groupeseb.com/en,https://es.linkedin.com/company/groupe-seb,, https://twitter.com/groupeseb, https://www.instagram.com/groupeseb/
165,Vermont Solutions,42,Consultoria Informatica IT,Madrid,http://www.vermont-solutions.com,https://www.linkedin.com/company/vermont-solutions,,,
166,Pascual,2346,Manufactura y Producción,Madrid,https://www.calidadpascual.com/,https://www.linkedin.com/company/calidad-pascual,https://www.facebook.com/CalidadPascual,https://twitter.com/Pascual?s=20 ,https://www.instagram.com/pascual/
167,Laboratorios Quinton,54,Biotecnología,Alicante,https://quinton.es/,https://www.linkedin.com/company/quintonbiotechlabs/,https://www.facebook.com/quintonbiotechlabs,https://twitter.com/quintonbiotech,https://www.instagram.com/quintonbiotechlabs/?hl=es
168,Novaluz Energía,72,Energía,Málaga,https://novaluz.es/,https://www.linkedin.com/company/novaluzenergiaempresas/,https://m.facebook.com/NovaluzEnergiaEmpresas,,https://www.instagram.com/novaluzenergiaempresas/
169,Liferay,120,Tecnológico. Fabricantes de software DXP,Madrid,https://www.liferay.com/es/ ,https://www.linkedin.com/company/liferay-inc-/mycompany/ ,,https://twitter.com/liferay_es,https://www.instagram.com/liferay_es/?hl=es
170,LoxamHune,674,Alquiler de maquinaria,Madrid,http://www.loxamhune.com,https://www.linkedin.com/company/loxamhune,https://www.facebook.com/LoxamHune,https://twitter.com/LoxamHune,https://www.instagram.com/loxamhune
171,Sector Alarm,500,Empresas de alarmas de seguridad,Málaga,http://www.sectoralarm.es,https://www.linkedin.com/company/sector-alarm-espana/,https://www.facebook.com/sectoralarmespana/,,https://www.instagram.com/sectoralarmespana/
172,Accord Healthcare,65,Laboratorio farmacéutico,Barcelona,http://www.accord-healthcare.com,https://www.linkedin.com/company/accord-healthcare,,https://twitter.com/Accord_HC,
173,Phosphea Barcelona,23,Manufactura y producción,Barcelona,https://www.phosphea.com/es/,https://www.linkedin.com/company/phosphea/,,,
174,Swedish Orphan Biovitrum S.L,57,Industria Farmacéutica,Madrid,http://www.sobi.es,https://www.linkedin.com/company/sobi-iberia/,,https://twitter.com/Sobi_Iberia,
175,Sopra Steria España,4.000,Tecnologías de la Información y de la Comunicación (TIC),Madrid,https://www.soprasteria.es/,https://www.linkedin.com/company/soprasteria/,https://www.facebook.com/SopraSteriaEspana/,https://twitter.com/SopraSteria_ES,https://www.instagram.com/soprasteria_es/
176,Deloitte,+10.000,Servicios profesionales,Madrid,http://www.deloitte.es,https://www.linkedin.com/company/deloitte/,https://es-es.facebook.com/DeloitteES/,https://twitter.com/Deloitte_ES,https://www.instagram.com/deloitte_es 
177,Fuego Camina Conmigo,39,Publicidad,Barcelona,https://fuegocaminaconmigo.com/,https://www.linkedin.com/company/fuego-camina-conmigo/,,,https://www.instagram.com/fuegocaminaconmigo/
178,SANTEN PHARMACEUTICAL SPAIN,35,Biotecnología y Farmacéutico,Madrid,http://www.santen.es,https://www.linkedin.com/company/santen-pharmaceutical,,https://twitter.com/santenglobal,
179,Navis,12,"Tecnología, Software",California,http://www.navis.com,https://www.linkedin.com/company/navis,https://www.facebook.com/naviscargo,https://twitter.com/naviscargo,https://www.instagram.com/navispeople
180,TechStyle Fashion Group,2101,Retail,California (EEUU),https://www.techstylefashiongroup.com/,https://www.linkedin.com/company/techstyle-fashion-group/mycompany/,https://www.facebook.com/TechStyleFG,https://twitter.com/TechStyle,
181,Adopta Un Abuelo,16,Tecnologías de la Info. y de la Comunicación (TIC),Madrid,https://adoptaunabuelo.org/,https://www.linkedin.com/company/adoptaunabuelo,https://es-es.facebook.com/adoptaunabuelo1/,https://twitter.com/adoptaunabuelo?lang=es,https://www.instagram.com/adopta1abuelo/?hl=es
182,Lundbeck España,144,Biotecnología y Farmacéutico,Barcelona,https://www.lundbeck.com/es ,https://www.linkedin.com/company/lundbeck-espa%C3%B1a/ ,,https://twitter.com/LundbeckES?s=20,https://www.instagram.com/h_lundbeck/?hl=es 
183,HOFF,81,Moda,Elche (Alicante),https://thehoffbrand.com/,https://www.linkedin.com/company/hoffbrand/?viewAsMember=true,,,https://www.instagram.com/thehoffbrand/
184,Grohe,43,Grifería,Barcelona,https://www.grohe.es/es_es/,https://www.linkedin.com/company/grohe/,https://www.facebook.com/GROHE.ES,https://twitter.com/grohe ,https://www.instagram.com/grohe.es/?hl=es
185,"Dow Chemical Ibérica, S.L.",723,Químico,Madrid,http://www.dow.es,https://www.linkedin.com/company/dow-chemical/mycompany/ ,https://www.facebook.com/DowTarragona/ ,https://twitter.com/DowIberica,
186,TIKO,46,Inmobiliario,Madrid,https://tiko.es/,https://www.linkedin.com/company/tiko.es/,https://www.facebook.com/TikoTech/,https://twitter.com/tiko_spain/,https://www.instagram.com/tiko_tech/
187,Active International,19 colaboradores,Marketing y publicidad,Madrid,https://activeinternational.es/,https://www.linkedin.com/company/the-digital-gate,http://facebook.com/thedigitalgatecompany,https://twitter.com/ActiveintlES,
188,DARWINEX,53,Tecnologías de la Info. y de la Comunicación (TIC),Madrid,http://www.darwinex.com,https://www.linkedin.com/company/tradeslide-ventures/?viewAsMember=true,https://www.facebook.com/Darwinexchange/,https://twitter.com/Darwinexchange?ref_src=twsrc%5Egoogle%7Ctwcamp%5Eserp%7Ctwgr%5Eauthor,
189,BANDAI NAMCO,26,Videojuegos,Madrid,https://es.bandainamcoent.eu/,https://www.linkedin.com/company/bneu,https://www.facebook.com/bandainamcoES,https://twitter.com/BandaiNamcoES,https://www.instagram.com/bandainamcoentspain/
190,Casavo,33,"Banca, Finanzas y Seguros",Madrid,https://casavo.com/es/,,https://www.facebook.com/CasavoSpain,,https://www.instagram.com/casavo.esp/
191,Naeco,40,"Industrial, Químico, Plástico","Asturias, Valencia",https://naeco.com/es/info/naeco/,https://www.linkedin.com/company/2902222/admin/,,https://twitter.com/Naeco_WithYou,
192,Verisk,200,Servicios Profesionales,Málaga y Madrid,https://www.verisk.com/,https://www.linkedin.com/company/verisk-analytics/,https://www.facebook.com/VeriskAnalytics,https://twitter.com/verisk,
193,Liberty Seguros,913,"Banca, Finanzas y Seguros",Madrid,https://www.libertyseguros.es/ ,https://www.linkedin.com/company/grupo-liberty-seguros-espa-a/,https://www.facebook.com/libertyseguros.es/,https://twitter.com/GrupoLiberty_es,https://www.instagram.com/libertyseguros_es/
194,Esprinet Group,765,Tecnologías de la Info. y de la Comunicación (TIC),Zaragoza,https://www.esprinet.com/es/,https://www.linkedin.com/company/esprinet-iberica/,https://www.facebook.com/Esprinet.HR.Spain,https://twitter.com/esprinet_es?lang=es,https://www.instagram.com/esprinet.hr.spain/
195,AEDAS Homes,264,Promoción inmobiliaria,"Madrid, Barcelona, Alicante, Valencia, Mallorca, Sevilla, Granada, Málaga y la Costa del Sol, Zaragoza, Valladolid, Pamplona y Vigo",https://www.aedashomes.com/,https://www.linkedin.com/company/aedas-homes/?originalSubdomain=es,https://www.facebook.com/aedashomes/,,https://www.instagram.com/aedashomes/
196,Qualita Solutions & Consulting,61,Servicios y Tecnologías de la Información,"Sant Cugat del Vallès, Barcelona",https://qualita.es/,https://www.linkedin.com/company/qualita-solutions-&-consulting/mycompany/?viewAsMember=true,,https://twitter.com/QualitaSpain ,https://www.instagram.com/qualitaspain/ 
197,Nordic Pharma,26,Biotecnología y Farmacéutica,Madrid,https://www.nordicpharma.es/,https://www.linkedin.com/company/nordic-pharma-espa%C3%B1a/,,,
198,Adevinta Spain,1.143 ,Marketplaces digitales,,https://www.adevinta.es, https://www.linkedin.com/company/adevintaspain ,,https://twitter.com/AdevintaSpain,https://www.instagram.com/adevintaspain/
199,MioGroup,250,"Consultoría, Marketing y Publicidad",Madrid,https://mio.es/,https://www.linkedin.com/company/miogroup/?originalSubdomain=es,https://www.facebook.com/SomosMIOGROUP/,https://twitter.com/SomosMiogroup,https://www.instagram.com/somosmiogroup/
200,Ingram Micro,427,Tecnologías de la Información,"Barcelona, Madrid y Tarragona",https://es-new.ingrammicro.com/Site/home,https://www.linkedin.com/company/ingram-micro_4?originalSubdomain=es,https://www.facebook.com/IngramMicroSpain/,https://twitter.com/ingrammicroes?lang=es,
201,Securitas Direct (part of Verisure),8700,Servicios Profesionales / Seguridad,"Pozuelo de Alarcón, Madrid",https://www.securitasdirect.es/,https://www.linkedin.com/company/securitas-direct-verisure-group/mycompany/,https://www.facebook.com/SecuritasDirect,https://twitter.com/securitasdirect?lang=es, https://www.instagram.com/securitasdirect/
202,Sensofar,57,"Siderurgia, Metalurgia, Construcción y Maquinaria",Barcelona,https://www.sensofar.com/,https://www.linkedin.com/company/sensofar/,,,
203,Entravision Communications,91,Marketing Digital,Barcelona,https://entravision.com/,https://www.linkedin.com/company/entravisioncommunications/,,,
204,DCSL GuideSmiths España,62,Tecnologías de la Información y de la Comunicación (TIC),Madrid,https://www.dcsl.com/, https://www.linkedin.com/company/dcslguidesmiths-es ,,https://twitter.com/guidesmiths,https://www.instagram.com/dcsl_guidesmiths_spain/
205,SC Johnson,23,"Productos de Gran Consumo en Cuidado del Hogar (Ambientadores, Insecticidas, Limpiadores y Cuidado del Calzado).",Madrid,https://www.scjohnson.com/,https://www.linkedin.com/company/scjohnson/,https://www.facebook.com/SCJohnson/,https://twitter.com/SCJohnson?ref_src=twsrc%5Egoogle%7Ctwcamp%5Eserp%7Ctwgr%5Eauthor,
206,"Grenergy Renovables, S.A.",192,Energías Renovables,Madrid,https://grenergy.eu/,https://www.linkedin.com/company/grenergyrenovables/,,https://twitter.com/Grenergy_eu?ref_src=twsrc%5Egoogle%7Ctwcamp%5Eserp%7Ctwgr%5Eauthor,
